0095FECLIPPERHABOPGPYZOBADGEZIBNYX50SHT	080202 (5И10) (словарь)	0095Fe (наименование)
081500	TL-003 (словарь)	08-1500 (артикул)
1003	1003 (артикул)	1044 (словарь)
12102	12-10-2 (артикул)	12-10-2 PRO (словарь)
1292	12-9-2 (артикул)	12-9-2 PRO (словарь)
13948	SID061222 (словарь)	13948 (артикул)
13950	SID061227 (словарь)	13950 (артикул)
13996	AI3412 (словарь)	13996 (артикул)
14100	BO.06.K.1 (словарь)	14-100 (артикул)
14160	DW12210 (словарь)	14160 (артикул)
14162	TWO350N (словарь)	14162 (артикул)
4101	PR.12.F. (словарь)	4-101 (артикул)
41011	4-101-1 (артикул)	4-101-11 (словарь)
415250	PW10 (словарь)	415250 (артикул)
5050196	K.015.K.2 (словарь)	505 0196 (артикул)
5059245	K.015.K.2 (словарь)	505 9245 (артикул)
5159366	K.015.K.2 (словарь)	515 9366 (артикул)
531221	CW1719 (словарь)	531221 (артикул)
562429245°VE3	VE36-135 (словарь)	562 4292-45°/VE-3 (артикул)
562429290°VE2	VE36-90 (словарь)	562 4292-90°/VE-2 (артикул)
5930553	MP.5.U.2 (словарь)	593 0553 (артикул)
5930807	GB.10.K.2 (словарь)	593 0807 (артикул)
5931851	MP.5.U.2 (словарь)	593 1851 (артикул)
6000237	6000237 (артикул)	CT-D-1100013 (словарь)
641020	W0120 (словарь)	641020 (артикул)
641022	W0122 (словарь)	641022 (артикул)
935675	9356-75 (артикул)	9356-751 (словарь)
9356751	9356-75 (словарь)	9356-751 (артикул)
A25	FeST25 (словарь)	А-25 (артикул)
A3407RHAKONECHNIKROSSVIKM12BPC	A340/7.R (наименование)	A141/2 (словарь)
ABPAZIBNYJBYP8MMHP273D8MM?60MM?105MMNORM	BO.025.K.1 (словарь)	HP-273 (наименование)
B761400005	B-76-1400005 (артикул)	2053501 (словарь)
BALLONAC1800	HFC-134a (словарь)	TNK225 (наименование)
BENTIL'TKTPAKTOPNYJTEPMO4SHT	TK.X.4.T. (наименование)	TK.X.4. (словарь)
BENTIL'TR414C3832MM050207XPOM100SHT	TR-414C.100 (наименование)	TR-414.EPDM.CR.100 (словарь)
BENTIL'TR600HP	TR-600HP (словарь)	TR-600HP.NORM (наименование)
BENTIL'TR618ATPAKTOPNYJ	TR-618A (словарь)	TR-618A.NORM (наименование)
C311300014	C-31-1300014 (артикул)	C-54-1300014 (словарь)
CB4F270LB50	СБ4/Ф-270.LB50В (словарь)	СБ4/Ф-270.LB50 (артикул)
CTY0140000	CT-Y-5000001 (словарь)	CT-Y-0140000 (артикул)
CTY0160000	CT-Y-0160000 (артикул)	CT-Y-1430000 (словарь)
CTY0300001	CT-Y-0300001 (артикул)	CT-Y-4100001 (словарь)
CTY4100001	CT-Y-1400001 (словарь)	CT-Y-4100001 (артикул)
DCT12	DCT-12 (артикул)	DCT-12-2.NORM (словарь)
DCT122	DCT-12-2 (артикул)	DCT-12-2.NORM (словарь)
DPC0244	DPC-024-4 (артикул)	TR-414C.PRP.4 (словарь)
EKCTPAKTOPVCT011SD01ZOLOTNIKOBOTBEPTKAKOPOTKAYAPPBOKITAJ	VCT-011 (наименование)	DCT-11 (словарь)
EX250RM	EX-250M (словарь)	EX 250 RM (артикул)
GB29730205	GB297-30205 (артикул)	GB297 30205 (артикул)
GB34521300X265	GB3452.1 300x2.65 (артикул)	GB3452.1-300x2.65 (артикул)
GEPMETIKBOPTA1000ML	GB.10.K.2 (словарь)	593 0807 (наименование)
GPIBKIG12KOPDCYCTPPOBOLOKOJ110SHT	G.12.1.15. (словарь)	G.12.1K.10. (наименование)
HABIBNYEBALANCIPOBOCHNYEGPYZIKIDLYALITYXDICKOB35GP50SHT	0335 (наименование)	0635 (наименование)
HABIBNYEBALANCIPOBOCHNYEGPYZIKIDLYALITYXDICKOB40GP50SHT	0340 (наименование)	0640 (наименование)
HABOPMELKOZEPNICTYXABPAZIBOBRH6354SHT	NS635 (словарь)	RH-635 (наименование)
HP040	CW1719 (словарь)	HP-040 (артикул)
HP1158R	XC-5B (словарь)	HP-1158R (артикул)
HP15004	15004 (словарь)	HP-15004 (артикул)
HP15005	15005 (словарь)	HP-15005 (артикул)
HP3024	BB12600 (словарь)	HP-3024 (артикул)
HP940	THG-016A (словарь)	HP-940 (артикул)
JTC448117	SIT061217 (словарь)	JTC-448117 (артикул)
JTC448121	SIT061221 (словарь)	JTC-448121 (артикул)
KLYUCHKPECTOM17192112	CW1719 (словарь)	HP-040 (наименование)
KPYGIPOBOPOTNYEKT2SHT50MM	TT050 (наименование)	TTH50 (наименование)
KRUGIPOVOROTNYEKT2SHT50MM	TT050 (наименование)	TTH50 (наименование)
MS07	SD-1 (словарь)	MS-07 (артикул)
NABIVNYEBALANSIROVOCHNYEGRUZIKIDLYALITYKHDISKOV35GR50SHT	0335 (словарь, наименование)	0635 (наименование)
NABIVNYEBALANSIROVOCHNYEGRUZIKIDLYALITYKHDISKOV40GR50SHT	0340 (словарь, наименование)	0640 (наименование)
PACTAMONTAZHNAYA5KG	MP.5.U.2 (словарь, наименование)	593 0553 (наименование)
PASTAMONTAZHNAYA5KG	MP.5.U.2 (словарь, наименование)	593 0553 (наименование)
PG18	id (словарь)	PG-18 (артикул)
PNEBMODPEL'HP7070B13000OBMIN	AT.7.B1. (словарь)	HP-7070B-1 (наименование)
PP7070D	PP.70.70.D (артикул)	PP.130.70.U (словарь)
PVR153	PVR-153 (артикул)	PVR.153.NORM (словарь)
RH104	NS104 (словарь)	RH-104 (артикул)
RH107	NS107 (словарь)	RH-107 (артикул)
RH120	NS120 (словарь)	RH-120 (артикул)
RH605	NS605 (словарь)	RH-605 (артикул)
RH635	NS635 (словарь)	RH-635 (артикул)
S145R1	R1_TRMS-003 (словарь)	S.145.R.1. (артикул)
S145R3	R3_TRMS-003 (словарь)	S145/R-3 (артикул)
S145R4	R4_TRMS-003 (словарь)	S145/R-4 (артикул)
S145R5	TRMS-003 R5 (словарь)	S.145.R.5. (артикул)
S145W1	W1_TRMS-003 (словарь)	S145/W-1 (артикул)
S145W2	W2_TRMS-003 (словарь)	S145/W-2 (артикул)
S145W3	W3_TRMS-003 (словарь)	S145/W-3 (артикул)
S145W4	W4_TRMS-003 (словарь)	S145/W-4 (артикул)
S145W5	W5_TRMS-003 (словарь)	S145/W-5 (артикул)
SCHJOTKADLYACHICTKIDICKAHP967230?120MM	ST317 (словарь)	HP-967 (наименование)
SHEPOXOBAL'NYJDICKRH61935MM6MMZEPNO330	NS619 (словарь)	RH-619 (наименование)
SHEPOXOBAL'NYJKPYGRH30450MM9MMZEPNO230	NS304 (словарь)	RH-304 (наименование)
SHEPOXOBAL'NYJKPYGRH30850MM13MMZEPNO230	NS308 (словарь)	RH-308 (наименование)
SHEPOXOBAL'NYJSHAPIKRH603O25MMZEPNO330	NS603 (словарь)	RH-603 (наименование)
SHEPOXOBAL'NYJSHAPIKRH605O30MMZEPNO330	NS605 (словарь)	RH-605 (наименование)
SHLANGDLYAPICTOLETATCP231SH066M	AT.SH.1000. (словарь)	TCP-23-1ш. (наименование)
SHLANGDLYAPICTOLETATCP287TCP289SH033M	AT.SH.330. (словарь)	TCP-287/TCP289ш. (наименование)
SI123424	SI123423 (словарь)	SI123424 (артикул)
SI123425	SI123424 (словарь)	SI123425 (артикул)
SI123426	SI123425 (словарь)	SI123426 (артикул)
SI123427	SI123426 (словарь)	SI123427 (артикул)
SI123428	SI123427 (словарь)	SI123428 (артикул)
SI123430	SI123428 (словарь)	SI123430 (артикул)
SI123432	SI123430 (словарь)	SI123432 (артикул)
SI123433	SI123432 (словарь)	SI123433 (артикул)
SI123434	SI123433 (словарь)	SI123434 (артикул)
SI123435	SI123434 (словарь)	SI123435 (артикул)
SI123436	SI123435 (словарь)	SI123436 (артикул)
SI123437	SI123436 (словарь)	SI123437 (артикул)
SI123438	SI123437 (словарь)	SI123438 (артикул)
SI123440	SI123438 (словарь)	SI123440 (артикул)
SI123441	SI123440 (словарь)	SI123441 (артикул)
SI123446	SI123441 (словарь)	SI123446 (артикул)
SI123450	SI123446 (словарь)	SI123450 (артикул)
SI123455	SI123450 (словарь)	SI123455 (артикул)
SI123460	SI123455 (словарь)	SI123460 (артикул)
SI123465	SI123460 (словарь)	SI123465 (артикул)
SI123470	SI123465 (словарь)	SI123470 (артикул)
TCP287TCP289SH	TCP-287 (словарь)	TCP-287/TCP289ш. (артикул)
TR414C100	TR-414C.100 (артикул)	TR-414.EPDM.CR.100 (словарь)
TR414CPRP4	29_115х22_40 (словарь)	TR-414C.PRP.4 (артикул)
TR414EPDM1	TR-414.EPDM.100 (словарь)	TR-414.EPDM.1 (артикул)
TRT75NTIGLADLYAZHGYTOBPAZBOPNAYA	TRT75NT (наименование)	TRT75NR-1 (словарь)
TT5275	RT-5268 (словарь)	TT-5275 (артикул)
UDLINITEL'EX115P2PLACTIKOBYJ	EX-97PT (словарь)	EX 115 P2.NORM (наименование)
UDLINITEL'EX125P2PLACTIKOBYJ	EX107PT/150 (словарь)	EX 125 P2.NORM (наименование)
UDLINITEL'EX150P2PLACTIKOBYJ	EX132PT/150 (словарь)	EX 150 P2.NORM (наименование)
UDLINITEL'EX250MMEDNYJ	EX-250M (словарь)	EX-250M.NORM (наименование)
V3	TH33007 (словарь)	V-3 (артикул)
V3204A27MSVENTIL'NORM	V3.20.4 (27MS) (словарь)	V3.20.4.NORM (наименование)
VALSREZ'BOJVT61363MMT36FORCINGSPINDLE	VT61T36 (наименование)	2042201 (словарь)
VENTIL'TR413100SHT	TR-413.100 (наименование)	TR-413.100.NORM (словарь)
VH113	VH113 (артикул)	VH 113.NORM (словарь)
VT61T36	VT61T36 (артикул)	2042201 (словарь)
W2	W2_TRMS-003 (словарь)	W2 (артикул)
